<?xml version="1.0" encoding="UTF-8"?>

<web-app xmlns="http://xmlns.jcp.org/xml/ns/javaee"
  xmlns:xsi="http://www.w3.org/2001/XMLSchema-instance"
  xsi:schemaLocation="http://xmlns.jcp.org/xml/ns/javaee
                      http://xmlns.jcp.org/xml/ns/javaee/web-app_3_1.xsd"
  version="3.1"
  metadata-complete="true">
  <display-name>First Servlet Project</display-name>

	<servlet>
		<display-name>Registration Servlet</display-name>
		<servlet-name>rs</servlet-name>
		<servlet-class>ua.web.martynenko.servlet.RegistrationServlet</servlet-class>
	</servlet>
	<servlet-mapping>
		<servlet-name>rs</servlet-name>
		<url-pattern>/login</url-pattern>
	</servlet-mapping>
	
	<servlet>
		<display-name>Film Servlet</display-name>
		<servlet-name>film</servlet-name>
		<servlet-class>ua.web.martynenko.servlet.FilmServlet</servlet-class>
	</servlet>
	<servlet-mapping>
		<servlet-name>film</servlet-name>
		<url-pattern>/film</url-pattern>
	</servlet-mapping>
	
	<welcome-file-list>
		<welcome-file>index.html</welcome-file>
	</welcome-file-list>
	
	<servlet>
		<display-name>Sorted Film Servlet</display-name>
		<servlet-name>filmsort</servlet-name>
		<servlet-class>ua.web.martynenko.servlet.SortedFilmServlet</servlet-class>
	</servlet>
	<servlet-mapping>
		<servlet-name>filmsort</servlet-name>
		<url-pattern>/filmsort</url-pattern>
	</servlet-mapping>
	
	<servlet>
		<display-name>Add Film Servlet</display-name>
		<servlet-name>addf</servlet-name>
		<servlet-class>ua.web.martynenko.servlet.AddFilmServlet</servlet-class>
	</servlet>
	<servlet-mapping>
		<servlet-name>addf</servlet-name>
		<url-pattern>/addfilm</url-pattern>
	</servlet-mapping>
	
	<servlet>
		<display-name>Delete Film Servlet</display-name>
		<servlet-name>delf</servlet-name>
		<servlet-class>ua.web.martynenko.servlet.DeleteFilmServlet</servlet-class>
	</servlet>
	<servlet-mapping>
		<servlet-name>delf</servlet-name>
		<url-pattern>/delfilm</url-pattern>
	</servlet-mapping>
	
	<servlet>
		<display-name>Session Servlet</display-name>
		<servlet-name>ses</servlet-name>
		<servlet-class>ua.web.martynenko.servlet.SessionServlet</servlet-class>
	</servlet>
	<servlet-mapping>
		<servlet-name>ses</servlet-name>
		<url-pattern>/session</url-pattern>
	</servlet-mapping>
	
	<servlet>
		<display-name>Cookies Servlet</display-name>
		<servlet-name>cook</servlet-name>
		<servlet-class>ua.web.martynenko.servlet.CookiesServlet</servlet-class>
	</servlet>
	<servlet-mapping>
		<servlet-name>cook</servlet-name>
		<url-pattern>/cookies</url-pattern>
	</servlet-mapping>
	
	<servlet>
		<display-name>Action Servlet</display-name>
		<servlet-name>action</servlet-name>
		<servlet-class>ua.web.martynenko.servlet.ActionServlet</servlet-class>
	</servlet>
	<servlet-mapping>
		<servlet-name>action</servlet-name>
		<url-pattern>/action</url-pattern>
	</servlet-mapping>
	
	<session-config>
		<session-timeout>30</session-timeout>
	</session-config>
	
	<!--  
	<login-config>
		<auth-method>BASIC</auth-method>
	</login-config> -->
</web-app>